Домашняя команда,Гостевая команда,Дата,Стадион,Город,home_score,guest_score
Кристал,Пэлас,05.08.2022,Селхерст Парк,Лондон,0,2
Фулхэм,Ливерпуль,06.08.2022,Крэйвен Коттедж,Лондон,2,2
Борнмут,Астон,06.08.2022,Виталити - Дин Корт,Борнмут,2,0
Лидс,Юнайтед,06.08.2022,Элланд Роуд,Лидс,2,1
Ньюкасл,Юнайтед,06.08.2022,Сент-Джеймс Парк,Ньюкасл-апон-Тайн,2,0
Тоттенхэм,Хотспур,06.08.2022,Тоттенхэм Хотспур,Лондон,4,1
Эвертон,Челси,06.08.2022,Гудисон Парк,Ливерпуль,0,1
Лестер,Сити,07.08.2022,Кинг Пауэр,Лестер,2,2
Манчестер,Юнайтед,07.08.2022,Олд Траффорд,Манчестер,1,2
Вест,Хэм,07.08.2022,Олимпийский,Лондон,0,2
Астон,Вилла,13.08.2022,Вилла Парк,Бирмингем,2,1
Арсенал,Лестер,13.08.2022,Эмирейтс - Эшбертон Гроув,Лондон,4,2
Брайтон,Хоув,13.08.2022,Фалмер - Зе Амекс,Брайтон энд Хоув,0,0
Манчестер,Сити,13.08.2022,Этихад (Сити оф Манчестер),Манчестер,4,0
Саутгемптон,Лидс,13.08.2022,Сент-Мэри,Саутгемптон,2,2
Вулверхэмптон,Фулхэм,13.08.2022,Молине,Вулверхэмптон,0,0
Брентфорд,Манчестер,13.08.2022,Брентфорд Коммьюнити,Брентфорд,4,0
Ноттингем,Форест,14.08.2022,Сити Граунд,Ноттингем,1,0
Челси,Тоттенхэм,14.08.2022,Стэмфорд Бридж,Лондон,2,2
Ливерпуль,Кристал,15.08.2022,Энфилд,Ливерпуль,1,1
Тоттенхэм,Хотспур,20.08.2022,Тоттенхэм Хотспур,Лондон,1,0
Кристал,Пэлас,20.08.2022,Селхерст Парк,Лондон,3,1
Эвертон,Ноттингем,20.08.2022,Гудисон Парк,Ливерпуль,1,1
Фулхэм,Брентфорд,20.08.2022,Крэйвен Коттедж,Лондон,3,2
Лестер,Сити,20.08.2022,Кинг Пауэр,Лестер,1,2
Борнмут,Арсенал,20.08.2022,Виталити - Дин Корт,Борнмут,0,3
Лидс,Юнайтед,21.08.2022,Элланд Роуд,Лидс,3,0
Вест,Хэм,21.08.2022,Олимпийский,Лондон,0,2
Ньюкасл,Юнайтед,21.08.2022,Сент-Джеймс Парк,Ньюкасл-апон-Тайн,3,3
Манчестер,Юнайтед,22.08.2022,Олд Траффорд,Манчестер,2,1
Саутгемптон,Манчестер,27.08.2022,Сент-Мэри,Саутгемптон,0,1
Брентфорд,Эвертон,27.08.2022,Брентфорд Коммьюнити,Брентфорд,1,1
Брайтон,Хоув,27.08.2022,Фалмер - Зе Амекс,Брайтон энд Хоув,1,0
Челси,Лестер,27.08.2022,Стэмфорд Бридж,Лондон,2,1
Ливерпуль,Борнмут,27.08.2022,Энфилд,Ливерпуль,9,0
Манчестер,Сити,27.08.2022,Этихад (Сити оф Манчестер),Манчестер,4,2
Арсенал,Фулхэм,27.08.2022,Эмирейтс - Эшбертон Гроув,Лондон,2,1
Астон,Вилла,28.08.2022,Вилла Парк,Бирмингем,0,1
Вулверхэмптон,Ньюкасл,28.08.2022,Молине,Вулверхэмптон,1,1
Ноттингем,Форест,28.08.2022,Сити Граунд,Ноттингем,0,2
Фулхэм,Брайтон,30.08.2022,Крэйвен Коттедж,Лондон,2,1
Кристал,Пэлас,30.08.2022,Селхерст Парк,Лондон,1,1
Саутгемптон,Челси,30.08.2022,Сент-Мэри,Саутгемптон,2,1
Лидс,Юнайтед,30.08.2022,Элланд Роуд,Лидс,1,1
Борнмут,Вулверхэмптон,31.08.2022,Виталити - Дин Корт,Борнмут,0,0
Арсенал,Астон,31.08.2022,Эмирейтс - Эшбертон Гроув,Лондон,2,1
Манчестер,Сити,31.08.2022,Этихад (Сити оф Манчестер),Манчестер,6,0
Вест,Хэм,31.08.2022,Олимпийский,Лондон,1,1
Ливерпуль,Ньюкасл,31.08.2022,Энфилд,Ливерпуль,2,1
Лестер,Сити,01.09.2022,Кинг Пауэр,Лестер,0,1
Эвертон,Ливерпуль,03.09.2022,Гудисон Парк,Ливерпуль,0,0
Брентфорд,Лидс,03.09.2022,Брентфорд Коммьюнити,Брентфорд,5,2
Челси,Вест,03.09.2022,Стэмфорд Бридж,Лондон,2,1
Ньюкасл,Юнайтед,03.09.2022,Сент-Джеймс Парк,Ньюкасл-апон-Тайн,0,0
Ноттингем,Форест,03.09.2022,Сити Граунд,Ноттингем,2,3
Тоттенхэм,Хотспур,03.09.2022,Тоттенхэм Хотспур,Лондон,2,1
Вулверхэмптон,Саутгемптон,03.09.2022,Молине,Вулверхэмптон,1,0
Астон,Вилла,03.09.2022,Вилла Парк,Бирмингем,1,1
Брайтон,Хоув,04.09.2022,Фалмер - Зе Амекс,Брайтон энд Хоув,5,2
Манчестер,Юнайтед,04.09.2022,Олд Траффорд,Манчестер,3,1
Астон,Вилла,16.09.2022,Вилла Парк,Бирмингем,1,0
Ноттингем,Форест,16.09.2022,Сити Граунд,Ноттингем,2,3
Вулверхэмптон,Манчестер,17.09.2022,Молине,Вулверхэмптон,0,3
Ньюкасл,Юнайтед,17.09.2022,Сент-Джеймс Парк,Ньюкасл-апон-Тайн,1,1
Тоттенхэм,Хотспур,17.09.2022,Тоттенхэм Хотспур,Лондон,6,2
Брентфорд,Арсенал,18.09.2022,Брентфорд Коммьюнити,Брентфорд,0,3
Эвертон,Вест,18.09.2022,Гудисон Парк,Ливерпуль,1,0
Арсенал,Тоттенхэм,01.10.2022,Эмирейтс - Эшбертон Гроув,Лондон,3,1
Борнмут,Брентфорд,01.10.2022,Виталити - Дин Корт,Борнмут,0,0
Кристал,Пэлас,01.10.2022,Селхерст Парк,Лондон,1,2
Фулхэм,Ньюкасл,01.10.2022,Крэйвен Коттедж,Лондон,1,4
Ливерпуль,Брайтон,01.10.2022,Энфилд,Ливерпуль,3,3
Саутгемптон,Эвертон,01.10.2022,Сент-Мэри,Саутгемптон,1,2
Вест,Хэм,01.10.2022,Олимпийский,Лондон,2,0
Манчестер,Сити,02.10.2022,Этихад (Сити оф Манчестер),Манчестер,6,3
Лидс,Юнайтед,02.10.2022,Элланд Роуд,Лидс,0,0
Лестер,Сити,03.10.2022,Кинг Пауэр,Лестер,4,0
Борнмут,Лестер,08.10.2022,Виталити - Дин Корт,Борнмут,2,1
Челси,Вулверхэмптон,08.10.2022,Стэмфорд Бридж,Лондон,3,0
Манчестер,Сити,08.10.2022,Этихад (Сити оф Манчестер),Манчестер,4,0
Ньюкасл,Юнайтед,08.10.2022,Сент-Джеймс Парк,Ньюкасл-апон-Тайн,5,1
Брайтон,Хоув,08.10.2022,Фалмер - Зе Амекс,Брайтон энд Хоув,0,1
Кристал,Пэлас,09.10.2022,Селхерст Парк,Лондон,2,1
Вест,Хэм,09.10.2022,Олимпийский,Лондон,3,1
Арсенал,Ливерпуль,09.10.2022,Эмирейтс - Эшбертон Гроув,Лондон,3,2
Эвертон,Манчестер,09.10.2022,Гудисон Парк,Ливерпуль,1,2
Ноттингем,Форест,10.10.2022,Сити Граунд,Ноттингем,1,1
Брентфорд,Брайтон,14.10.2022,Брентфорд Коммьюнити,Брентфорд,2,0
Лестер,Сити,15.10.2022,Кинг Пауэр,Лестер,0,0
Фулхэм,Борнмут,15.10.2022,Крэйвен Коттедж,Лондон,2,2
Вулверхэмптон,Ноттингем,15.10.2022,Молине,Вулверхэмптон,1,0
Тоттенхэм,Хотспур,15.10.2022,Тоттенхэм Хотспур,Лондон,2,0
Астон,Вилла,16.10.2022,Вилла Парк,Бирмингем,0,2
Лидс,Юнайтед,16.10.2022,Элланд Роуд,Лидс,0,1
Манчестер,Юнайтед,16.10.2022,Олд Траффорд,Манчестер,0,0
Саутгемптон,Вест,16.10.2022,Сент-Мэри,Саутгемптон,1,1
Ливерпуль,Манчестер,16.10.2022,Энфилд,Ливерпуль,1,0
Брайтон,Хоув,18.10.2022,Фалмер - Зе Амекс,Брайтон энд Хоув,0,0
Кристал,Пэлас,18.10.2022,Селхерст Парк,Лондон,2,1
Борнмут,Саутгемптон,19.10.2022,Виталити - Дин Корт,Борнмут,0,1
Брентфорд,Челси,19.10.2022,Брентфорд Коммьюнити,Брентфорд,0,0
Ньюкасл,Юнайтед,19.10.2022,Сент-Джеймс Парк,Ньюкасл-апон-Тайн,1,0
Ливерпуль,Вест,19.10.2022,Энфилд,Ливерпуль,1,0
Манчестер,Юнайтед,19.10.2022,Олд Траффорд,Манчестер,2,0
Фулхэм,Астон,20.10.2022,Крэйвен Коттедж,Лондон,3,0
Лестер,Сити,20.10.2022,Кинг Пауэр,Лестер,2,0
Ноттингем,Форест,22.10.2022,Сити Граунд,Ноттингем,1,0
Эвертон,Кристал,22.10.2022,Гудисон Парк,Ливерпуль,3,0
Манчестер,Сити,22.10.2022,Этихад (Сити оф Манчестер),Манчестер,3,1
Челси,Манчестер,22.10.2022,Стэмфорд Бридж,Лондон,1,1
Астон,Вилла,23.10.2022,Вилла Парк,Бирмингем,4,0
Лидс,Юнайтед,23.10.2022,Элланд Роуд,Лидс,2,3
Саутгемптон,Арсенал,23.10.2022,Сент-Мэри,Саутгемптон,1,1
Вулверхэмптон,Лестер,23.10.2022,Молине,Вулверхэмптон,0,4
Тоттенхэм,Хотспур,23.10.2022,Тоттенхэм Хотспур,Лондон,1,2
Вест,Хэм,24.10.2022,Олимпийский,Лондон,2,0
Лестер,Сити,29.10.2022,Кинг Пауэр,Лестер,0,1
Борнмут,Тоттенхэм,29.10.2022,Виталити - Дин Корт,Борнмут,2,3
Брентфорд,Вулверхэмптон,29.10.2022,Брентфорд Коммьюнити,Брентфорд,1,1
Брайтон,Хоув,29.10.2022,Фалмер - Зе Амекс,Брайтон энд Хоув,4,1
Кристал,Пэлас,29.10.2022,Селхерст Парк,Лондон,1,0
Ньюкасл,Юнайтед,29.10.2022,Сент-Джеймс Парк,Ньюкасл-апон-Тайн,4,0
Фулхэм,Эвертон,29.10.2022,Крэйвен Коттедж,Лондон,0,0
Ливерпуль,Лидс,29.10.2022,Энфилд,Ливерпуль,1,2
Арсенал,Ноттингем,30.10.2022,Эмирейтс - Эшбертон Гроув,Лондон,5,0
Манчестер,Юнайтед,30.10.2022,Олд Траффорд,Манчестер,1,0
Лидс,Юнайтед,05.11.2022,Элланд Роуд,Лидс,4,3
Манчестер,Сити,05.11.2022,Этихад (Сити оф Манчестер),Манчестер,2,1
Ноттингем,Форест,05.11.2022,Сити Граунд,Ноттингем,2,2
Вулверхэмптон,Брайтон,05.11.2022,Молине,Вулверхэмптон,2,3
Эвертон,Лестер,05.11.2022,Гудисон Парк,Ливерпуль,0,2
Челси,Арсенал,06.11.2022,Стэмфорд Бридж,Лондон,0,1
Астон,Вилла,06.11.2022,Вилла Парк,Бирмингем,3,1
Саутгемптон,Ньюкасл,06.11.2022,Сент-Мэри,Саутгемптон,1,4
Вест,Хэм,06.11.2022,Олимпийский,Лондон,1,2
Тоттенхэм,Хотспур,06.11.2022,Тоттенхэм Хотспур,Лондон,1,2
Манчестер,Сити,12.11.2022,Этихад (Сити оф Манчестер),Манчестер,1,2
Борнмут,Эвертон,12.11.2022,Виталити - Дин Корт,Борнмут,3,0
Ливерпуль,Саутгемптон,12.11.2022,Энфилд,Ливерпуль,3,1
Ноттингем,Форест,12.11.2022,Сити Граунд,Ноттингем,1,0
Тоттенхэм,Хотспур,12.11.2022,Тоттенхэм Хотспур,Лондон,4,3
Вест,Хэм,12.11.2022,Олимпийский,Лондон,0,2
Ньюкасл,Юнайтед,12.11.2022,Сент-Джеймс Парк,Ньюкасл-апон-Тайн,1,0
Вулверхэмптон,Арсенал,12.11.2022,Молине,Вулверхэмптон,0,2
Брайтон,Хоув,13.11.2022,Фалмер - Зе Амекс,Брайтон энд Хоув,1,2
Фулхэм,Манчестер,13.11.2022,Крэйвен Коттедж,Лондон,1,2
Брентфорд,Тоттенхэм,26.12.2022,Брентфорд Коммьюнити,Брентфорд,2,2
Кристал,Пэлас,26.12.2022,Селхерст Парк,Лондон,0,3
Эвертон,Вулверхэмптон,26.12.2022,Гудисон Парк,Ливерпуль,1,2
Лестер,Сити,26.12.2022,Кинг Пауэр,Лестер,0,3
Саутгемптон,Брайтон,26.12.2022,Сент-Мэри,Саутгемптон,1,3
Астон,Вилла,26.12.2022,Вилла Парк,Бирмингем,1,3
Арсенал,Вест,26.12.2022,Эмирейтс - Эшбертон Гроув,Лондон,3,1
Челси,Борнмут,27.12.2022,Стэмфорд Бридж,Лондон,2,0
Манчестер,Юнайтед,27.12.2022,Олд Траффорд,Манчестер,3,0
Лидс,Юнайтед,28.12.2022,Элланд Роуд,Лидс,1,3
Вест,Хэм,30.12.2022,Олимпийский,Лондон,0,2
Ливерпуль,Лестер,30.12.2022,Энфилд,Ливерпуль,2,1
Вулверхэмптон,Манчестер,31.12.2022,Молине,Вулверхэмптон,0,1
Борнмут,Кристал,31.12.2022,Виталити - Дин Корт,Борнмут,0,2
Фулхэм,Саутгемптон,31.12.2022,Крэйвен Коттедж,Лондон,2,1
Манчестер,Сити,31.12.2022,Этихад (Сити оф Манчестер),Манчестер,1,1
Ньюкасл,Юнайтед,31.12.2022,Сент-Джеймс Парк,Ньюкасл-апон-Тайн,0,0
Брайтон,Хоув,31.12.2022,Фалмер - Зе Амекс,Брайтон энд Хоув,2,4
Тоттенхэм,Хотспур,01.01.2023,Тоттенхэм Хотспур,Лондон,0,2
Ноттингем,Форест,01.01.2023,Сити Граунд,Ноттингем,1,1
Брентфорд,Ливерпуль,02.01.2023,Брентфорд Коммьюнити,Брентфорд,3,1
Арсенал,Ньюкасл,03.01.2023,Эмирейтс - Эшбертон Гроув,Лондон,0,0
Эвертон,Брайтон,03.01.2023,Гудисон Парк,Ливерпуль,1,4
Лестер,Сити,03.01.2023,Кинг Пауэр,Лестер,0,1
Манчестер,Юнайтед,03.01.2023,Олд Траффорд,Манчестер,3,0
Саутгемптон,Ноттингем,04.01.2023,Сент-Мэри,Саутгемптон,0,1
Лидс,Юнайтед,04.01.2023,Элланд Роуд,Лидс,2,2
Астон,Вилла,04.01.2023,Вилла Парк,Бирмингем,1,1
Кристал,Пэлас,04.01.2023,Селхерст Парк,Лондон,0,4
Челси,Манчестер,05.01.2023,Стэмфорд Бридж,Лондон,0,1
Фулхэм,Челси,12.01.2023,Крэйвен Коттедж,Лондон,2,1
Астон,Вилла,13.01.2023,Вилла Парк,Бирмингем,2,1
Манчестер,Юнайтед,14.01.2023,Олд Траффорд,Манчестер,2,1
Брайтон,Хоув,14.01.2023,Фалмер - Зе Амекс,Брайтон энд Хоув,3,0
Эвертон,Саутгемптон,14.01.2023,Гудисон Парк,Ливерпуль,1,2
Ноттингем,Форест,14.01.2023,Сити Граунд,Ноттингем,2,0
Вулверхэмптон,Вест,14.01.2023,Молине,Вулверхэмптон,1,0
Брентфорд,Борнмут,14.01.2023,Брентфорд Коммьюнити,Брентфорд,2,0
Челси,Кристал,15.01.2023,Стэмфорд Бридж,Лондон,1,0
Ньюкасл,Юнайтед,15.01.2023,Сент-Джеймс Парк,Ньюкасл-апон-Тайн,1,0
Тоттенхэм,Хотспур,15.01.2023,Тоттенхэм Хотспур,Лондон,0,2
Кристал,Пэлас,18.01.2023,Селхерст Парк,Лондон,1,1
Манчестер,Сити,19.01.2023,Этихад (Сити оф Манчестер),Манчестер,4,2
Ливерпуль,Челси,21.01.2023,Энфилд,Ливерпуль,0,0
Борнмут,Ноттингем,21.01.2023,Виталити - Дин Корт,Борнмут,1,1
Лестер,Сити,21.01.2023,Кинг Пауэр,Лестер,2,2
Саутгемптон,Астон,21.01.2023,Сент-Мэри,Саутгемптон,0,1
Вест,Хэм,21.01.2023,Олимпийский,Лондон,2,0
Кристал,Пэлас,21.01.2023,Селхерст Парк,Лондон,0,0
Лидс,Юнайтед,22.01.2023,Элланд Роуд,Лидс,0,0
Манчестер,Сити,22.01.2023,Этихад (Сити оф Манчестер),Манчестер,3,0
Арсенал,Манчестер,22.01.2023,Эмирейтс - Эшбертон Гроув,Лондон,3,2
Фулхэм,Тоттенхэм,23.01.2023,Крэйвен Коттедж,Лондон,0,1
Челси,Фулхэм,03.02.2023,Стэмфорд Бридж,Лондон,0,0
Эвертон,Арсенал,04.02.2023,Гудисон Парк,Ливерпуль,1,0
Астон,Вилла,04.02.2023,Вилла Парк,Бирмингем,2,4
Брентфорд,Саутгемптон,04.02.2023,Брентфорд Коммьюнити,Брентфорд,3,0
Брайтон,Хоув,04.02.2023,Фалмер - Зе Амекс,Брайтон энд Хоув,1,0
Манчестер,Юнайтед,04.02.2023,Олд Траффорд,Манчестер,2,1
Вулверхэмптон,Ливерпуль,04.02.2023,Молине,Вулверхэмптон,3,0
Ньюкасл,Юнайтед,04.02.2023,Сент-Джеймс Парк,Ньюкасл-апон-Тайн,1,1
Ноттингем,Форест,05.02.2023,Сити Граунд,Ноттингем,1,0
Тоттенхэм,Хотспур,05.02.2023,Тоттенхэм Хотспур,Лондон,1,0
Манчестер,Юнайтед,08.02.2023,Олд Траффорд,Манчестер,2,2
Вест,Хэм,11.02.2023,Олимпийский,Лондон,1,1
Арсенал,Брентфорд,11.02.2023,Эмирейтс - Эшбертон Гроув,Лондон,1,1
Кристал,Пэлас,11.02.2023,Селхерст Парк,Лондон,1,1
Фулхэм,Ноттингем,11.02.2023,Крэйвен Коттедж,Лондон,2,0
Лестер,Сити,11.02.2023,Кинг Пауэр,Лестер,4,1
Саутгемптон,Вулверхэмптон,11.02.2023,Сент-Мэри,Саутгемптон,1,2
Борнмут,Ньюкасл,11.02.2023,Виталити - Дин Корт,Борнмут,1,1
Лидс,Юнайтед,12.02.2023,Элланд Роуд,Лидс,0,2
Манчестер,Сити,12.02.2023,Этихад (Сити оф Манчестер),Манчестер,3,1
Ливерпуль,Эвертон,13.02.2023,Энфилд,Ливерпуль,2,0
Арсенал,Манчестер,15.02.2023,Эмирейтс - Эшбертон Гроув,Лондон,1,3
Астон,Вилла,18.02.2023,Вилла Парк,Бирмингем,2,4
Брентфорд,Кристал,18.02.2023,Брентфорд Коммьюнити,Брентфорд,1,1
Брайтон,Хоув,18.02.2023,Фалмер - Зе Амекс,Брайтон энд Хоув,0,1
Челси,Саутгемптон,18.02.2023,Стэмфорд Бридж,Лондон,0,1
Эвертон,Лидс,18.02.2023,Гудисон Парк,Ливерпуль,1,0
Ноттингем,Форест,18.02.2023,Сити Граунд,Ноттингем,1,1
Вулверхэмптон,Борнмут,18.02.2023,Молине,Вулверхэмптон,0,1
Ньюкасл,Юнайтед,18.02.2023,Сент-Джеймс Парк,Ньюкасл-апон-Тайн,0,2
Манчестер,Юнайтед,19.02.2023,Олд Траффорд,Манчестер,3,0
Тоттенхэм,Хотспур,19.02.2023,Тоттенхэм Хотспур,Лондон,2,0
Фулхэм,Вулверхэмптон,24.02.2023,Крэйвен Коттедж,Лондон,1,1
Эвертон,Астон,25.02.2023,Гудисон Парк,Ливерпуль,0,2
Лидс,Юнайтед,25.02.2023,Элланд Роуд,Лидс,1,0
Лестер,Сити,25.02.2023,Кинг Пауэр,Лестер,0,1
Вест,Хэм,25.02.2023,Олимпийский,Лондон,4,0
Борнмут,Манчестер,25.02.2023,Виталити - Дин Корт,Борнмут,1,4
Кристал,Пэлас,25.02.2023,Селхерст Парк,Лондон,0,0
Тоттенхэм,Хотспур,26.02.2023,Тоттенхэм Хотспур,Лондон,2,0
Арсенал,Эвертон,01.03.2023,Эмирейтс - Эшбертон Гроув,Лондон,4,0
Ливерпуль,Вулверхэмптон,01.03.2023,Энфилд,Ливерпуль,2,0
Манчестер,Сити,04.03.2023,Этихад (Сити оф Манчестер),Манчестер,2,0
Арсенал,Борнмут,04.03.2023,Эмирейтс - Эшбертон Гроув,Лондон,3,2
Астон,Вилла,04.03.2023,Вилла Парк,Бирмингем,1,0
Брайтон,Хоув,04.03.2023,Фалмер - Зе Амекс,Брайтон энд Хоув,4,0
Челси,Лидс,04.03.2023,Стэмфорд Бридж,Лондон,1,0
Вулверхэмптон,Тоттенхэм,04.03.2023,Молине,Вулверхэмптон,1,0
Саутгемптон,Лестер,04.03.2023,Сент-Мэри,Саутгемптон,1,0
Ноттингем,Форест,05.03.2023,Сити Граунд,Ноттингем,2,2
Ливерпуль,Манчестер,05.03.2023,Энфилд,Ливерпуль,7,0
Брентфорд,Фулхэм,06.03.2023,Брентфорд Коммьюнити,Брентфорд,3,2
Борнмут,Ливерпуль,11.03.2023,Виталити - Дин Корт,Борнмут,1,0
Эвертон,Брентфорд,11.03.2023,Гудисон Парк,Ливерпуль,1,0
Лидс,Юнайтед,11.03.2023,Элланд Роуд,Лидс,2,2
Лестер,Сити,11.03.2023,Кинг Пауэр,Лестер,1,3
Тоттенхэм,Хотспур,11.03.2023,Тоттенхэм Хотспур,Лондон,3,1
Кристал,Пэлас,11.03.2023,Селхерст Парк,Лондон,0,1
Фулхэм,Арсенал,12.03.2023,Крэйвен Коттедж,Лондон,0,3
Манчестер,Юнайтед,12.03.2023,Олд Траффорд,Манчестер,0,0
Вест,Хэм,12.03.2023,Олимпийский,Лондон,1,1
Ньюкасл,Юнайтед,12.03.2023,Сент-Джеймс Парк,Ньюкасл-апон-Тайн,2,1
Саутгемптон,Брентфорд,15.03.2023,Сент-Мэри,Саутгемптон,0,2
Брайтон,Хоув,15.03.2023,Фалмер - Зе Амекс,Брайтон энд Хоув,1,0
Ноттингем,Форест,17.03.2023,Сити Граунд,Ноттингем,1,2
Астон,Вилла,18.03.2023,Вилла Парк,Бирмингем,3,0
Брентфорд,Лестер,18.03.2023,Брентфорд Коммьюнити,Брентфорд,1,1
Саутгемптон,Тоттенхэм,18.03.2023,Сент-Мэри,Саутгемптон,3,3
Вулверхэмптон,Лидс,18.03.2023,Молине,Вулверхэмптон,2,4
Челси,Эвертон,18.03.2023,Стэмфорд Бридж,Лондон,2,2
Арсенал,Кристал,19.03.2023,Эмирейтс - Эшбертон Гроув,Лондон,4,1
Манчестер,Сити,01.04.2023,Этихад (Сити оф Манчестер),Манчестер,4,1
Борнмут,Фулхэм,01.04.2023,Виталити - Дин Корт,Борнмут,2,1
Арсенал,Лидс,01.04.2023,Эмирейтс - Эшбертон Гроув,Лондон,4,1
Брайтон,Хоув,01.04.2023,Фалмер - Зе Амекс,Брайтон энд Хоув,3,3
Кристал,Пэлас,01.04.2023,Селхерст Парк,Лондон,2,1
Ноттингем,Форест,01.04.2023,Сити Граунд,Ноттингем,1,1
Челси,Астон,01.04.2023,Стэмфорд Бридж,Лондон,0,2
Вест,Хэм,02.04.2023,Олимпийский,Лондон,1,0
Ньюкасл,Юнайтед,02.04.2023,Сент-Джеймс Парк,Ньюкасл-апон-Тайн,2,0
Эвертон,Тоттенхэм,03.04.2023,Гудисон Парк,Ливерпуль,1,1
Борнмут,Брайтон,04.04.2023,Виталити - Дин Корт,Борнмут,0,2
Лидс,Юнайтед,04.04.2023,Элланд Роуд,Лидс,2,1
Лестер,Сити,04.04.2023,Кинг Пауэр,Лестер,1,2
Челси,Ливерпуль,04.04.2023,Стэмфорд Бридж,Лондон,0,0
Вест,Хэм,05.04.2023,Олимпийский,Лондон,1,5
Манчестер,Юнайтед,05.04.2023,Олд Траффорд,Манчестер,1,0
Манчестер,Юнайтед,08.04.2023,Олд Траффорд,Манчестер,2,0
Астон,Вилла,08.04.2023,Вилла Парк,Бирмингем,2,0
Брентфорд,Ньюкасл,08.04.2023,Брентфорд Коммьюнити,Брентфорд,1,2
Фулхэм,Вест,08.04.2023,Крэйвен Коттедж,Лондон,0,1
Лестер,Сити,08.04.2023,Кинг Пауэр,Лестер,0,1
Тоттенхэм,Хотспур,08.04.2023,Тоттенхэм Хотспур,Лондон,2,1
Вулверхэмптон,Челси,08.04.2023,Молине,Вулверхэмптон,1,0
Саутгемптон,Манчестер,08.04.2023,Сент-Мэри,Саутгемптон,1,4
Лидс,Юнайтед,09.04.2023,Элланд Роуд,Лидс,1,5
Ливерпуль,Арсенал,09.04.2023,Энфилд,Ливерпуль,2,2
Астон,Вилла,15.04.2023,Вилла Парк,Бирмингем,3,0
Челси,Брайтон,15.04.2023,Стэмфорд Бридж,Лондон,1,2
Эвертон,Фулхэм,15.04.2023,Гудисон Парк,Ливерпуль,1,3
Саутгемптон,Кристал,15.04.2023,Сент-Мэри,Саутгемптон,0,2
Вулверхэмптон,Брентфорд,15.04.2023,Молине,Вулверхэмптон,2,0
Тоттенхэм,Хотспур,15.04.2023,Тоттенхэм Хотспур,Лондон,2,3
Манчестер,Сити,15.04.2023,Этихад (Сити оф Манчестер),Манчестер,3,1
Вест,Хэм,16.04.2023,Олимпийский,Лондон,2,2
Ноттингем,Форест,16.04.2023,Сити Граунд,Ноттингем,0,2
Лидс,Юнайтед,17.04.2023,Элланд Роуд,Лидс,1,6
Арсенал,Саутгемптон,21.04.2023,Эмирейтс - Эшбертон Гроув,Лондон,3,3
Фулхэм,Лидс,22.04.2023,Крэйвен Коттедж,Лондон,2,1
Брентфорд,Астон,22.04.2023,Брентфорд Коммьюнити,Брентфорд,1,1
Кристал,Пэлас,22.04.2023,Селхерст Парк,Лондон,0,0
Лестер,Сити,22.04.2023,Кинг Пауэр,Лестер,2,1
Ливерпуль,Ноттингем,22.04.2023,Энфилд,Ливерпуль,3,2
Борнмут,Вест,23.04.2023,Виталити - Дин Корт,Борнмут,0,4
Ньюкасл,Юнайтед,23.04.2023,Сент-Джеймс Парк,Ньюкасл-апон-Тайн,6,1
Вулверхэмптон,Кристал,25.04.2023,Молине,Вулверхэмптон,2,0
Астон,Вилла,25.04.2023,Вилла Парк,Бирмингем,1,0
Лидс,Юнайтед,25.04.2023,Элланд Роуд,Лидс,1,1
Ноттингем,Форест,26.04.2023,Сити Граунд,Ноттингем,3,1
Вест,Хэм,26.04.2023,Олимпийский,Лондон,1,2
Челси,Брентфорд,26.04.2023,Стэмфорд Бридж,Лондон,0,2
Манчестер,Сити,26.04.2023,Этихад (Сити оф Манчестер),Манчестер,4,1
Эвертон,Ньюкасл,27.04.2023,Гудисон Парк,Ливерпуль,1,4
Саутгемптон,Борнмут,27.04.2023,Сент-Мэри,Саутгемптон,0,1
Тоттенхэм,Хотспур,27.04.2023,Тоттенхэм Хотспур,Лондон,2,2
Кристал,Пэлас,29.04.2023,Селхерст Парк,Лондон,4,3
Брентфорд,Ноттингем,29.04.2023,Брентфорд Коммьюнити,Брентфорд,2,1
Брайтон,Хоув,29.04.2023,Фалмер - Зе Амекс,Брайтон энд Хоув,6,0
Борнмут,Лидс,30.04.2023,Виталити - Дин Корт,Борнмут,4,1
Фулхэм,Манчестер,30.04.2023,Крэйвен Коттедж,Лондон,1,2
Манчестер,Юнайтед,30.04.2023,Олд Траффорд,Манчестер,1,0
Ньюкасл,Юнайтед,30.04.2023,Сент-Джеймс Парк,Ньюкасл-апон-Тайн,3,1
Ливерпуль,Тоттенхэм,30.04.2023,Энфилд,Ливерпуль,4,3
Лестер,Сити,01.05.2023,Кинг Пауэр,Лестер,2,2
Арсенал,Челси,02.05.2023,Эмирейтс - Эшбертон Гроув,Лондон,3,1
Ливерпуль,Фулхэм,03.05.2023,Энфилд,Ливерпуль,1,0
Манчестер,Сити,03.05.2023,Этихад (Сити оф Манчестер),Манчестер,3,0
Брайтон,Хоув,04.05.2023,Фалмер - Зе Амекс,Брайтон энд Хоув,1,0
Борнмут,Челси,06.05.2023,Виталити - Дин Корт,Борнмут,1,3
Манчестер,Сити,06.05.2023,Этихад (Сити оф Манчестер),Манчестер,2,1
Тоттенхэм,Хотспур,06.05.2023,Тоттенхэм Хотспур,Лондон,1,0
Вулверхэмптон,Астон,06.05.2023,Молине,Вулверхэмптон,1,0
Ливерпуль,Брентфорд,06.05.2023,Энфилд,Ливерпуль,1,0
Ньюкасл,Юнайтед,07.05.2023,Сент-Джеймс Парк,Ньюкасл-апон-Тайн,0,2
Вест,Хэм,07.05.2023,Олимпийский,Лондон,1,0
Фулхэм,Лестер,08.05.2023,Крэйвен Коттедж,Лондон,5,3
Брайтон,Хоув,08.05.2023,Фалмер - Зе Амекс,Брайтон энд Хоув,1,5
Ноттингем,Форест,08.05.2023,Сити Граунд,Ноттингем,4,3
Лидс,Юнайтед,13.05.2023,Элланд Роуд,Лидс,2,2
Астон,Вилла,13.05.2023,Вилла Парк,Бирмингем,2,1
Челси,Ноттингем,13.05.2023,Стэмфорд Бридж,Лондон,2,2
Кристал,Пэлас,13.05.2023,Селхерст Парк,Лондон,2,0
Манчестер,Юнайтед,13.05.2023,Олд Траффорд,Манчестер,2,0
Саутгемптон,Фулхэм,13.05.2023,Сент-Мэри,Саутгемптон,0,2
Брентфорд,Вест,14.05.2023,Брентфорд Коммьюнити,Брентфорд,2,0
Эвертон,Манчестер,14.05.2023,Гудисон Парк,Ливерпуль,0,3
Арсенал,Брайтон,14.05.2023,Эмирейтс - Эшбертон Гроув,Лондон,0,3
Лестер,Сити,15.05.2023,Кинг Пауэр,Лестер,0,3
Ньюкасл,Юнайтед,18.05.2023,Сент-Джеймс Парк,Ньюкасл-апон-Тайн,4,1
Тоттенхэм,Хотспур,20.05.2023,Тоттенхэм Хотспур,Лондон,1,3
Борнмут,Манчестер,20.05.2023,Виталити - Дин Корт,Борнмут,0,1
Фулхэм,Кристал,20.05.2023,Крэйвен Коттедж,Лондон,2,2
Ливерпуль,Астон,20.05.2023,Энфилд,Ливерпуль,1,1
Вулверхэмптон,Эвертон,20.05.2023,Молине,Вулверхэмптон,1,1
Ноттингем,Форест,20.05.2023,Сити Граунд,Ноттингем,1,0
Вест,Хэм,21.05.2023,Олимпийский,Лондон,3,1
Брайтон,Хоув,21.05.2023,Фалмер - Зе Амекс,Брайтон энд Хоув,3,1
Манчестер,Сити,21.05.2023,Этихад (Сити оф Манчестер),Манчестер,1,0
Ньюкасл,Юнайтед,22.05.2023,Сент-Джеймс Парк,Ньюкасл-апон-Тайн,0,0
Брайтон,Хоув,24.05.2023,Фалмер - Зе Амекс,Брайтон энд Хоув,1,1
Манчестер,Юнайтед,25.05.2023,Олд Траффорд,Манчестер,4,1
Арсенал,Вулверхэмптон,28.05.2023,Эмирейтс - Эшбертон Гроув,Лондон,5,0
Астон,Вилла,28.05.2023,Вилла Парк,Бирмингем,2,1
Брентфорд,Манчестер,28.05.2023,Брентфорд Коммьюнити,Брентфорд,1,0
Челси,Ньюкасл,28.05.2023,Стэмфорд Бридж,Лондон,1,1
Кристал,Пэлас,28.05.2023,Селхерст Парк,Лондон,1,1
Эвертон,Борнмут,28.05.2023,Гудисон Парк,Ливерпуль,1,0
Лидс,Юнайтед,28.05.2023,Элланд Роуд,Лидс,1,4
Лестер,Сити,28.05.2023,Кинг Пауэр,Лестер,2,1
Манчестер,Юнайтед,28.05.2023,Олд Траффорд,Манчестер,2,1
Саутгемптон,Ливерпуль,28.05.2023,Сент-Мэри,Саутгемптон,4,4
Брентфорд,Арсенал,13.08.2021,Брентфорд Коммьюнити,Брентфорд,2,0
Манчестер,Юнайтед,14.08.2021,Олд Траффорд,Манчестер,5,1
Уотфорд,Астон,14.08.2021,Викарэйдж Роуд,Уотфорд,3,2
Лестер,Сити,14.08.2021,Кинг Пауэр,Лестер,1,0
Эвертон,Саутгемптон,14.08.2021,Гудисон Парк,Ливерпуль,3,1
Брайтон,Хоув,14.08.2021,Тёрф Мур,Бернли,1,2
Челси,Кристал,14.08.2021,Стэмфорд Бридж,Лондон,3,0
Норвич,Сити,14.08.2021,Кэрроу Роуд,Норидж,0,3
Ньюкасл,Юнайтед,15.08.2021,Сент-Джеймс Парк,Ньюкасл-апон-Тайн,2,4
Тоттенхэм,Хотспур,15.08.2021,Тоттенхэм Хотспур,Лондон,1,0
Ливерпуль,Англия,21.08.2021,Энфилд,Ливерпуль,2,0
Манчестер,Сити,21.08.2021,Этихад (Сити оф Манчестер),Манчестер,5,0
Астон,Вилла,21.08.2021,Вилла Парк,Бирмингем,2,0
Кристал,Пэлас,21.08.2021,Селхерст Парк,Лондон,0,0
Лидс,Юнайтед,21.08.2021,Элланд Роуд,Лидс,2,2
Брайтон,Хоув,21.08.2021,Фалмер - Зе Амекс,Брайтон энд Хоув,2,0
Вулверхэмптон,Тоттенхэм,22.08.2021,Молине,Вулверхэмптон,0,1
Саутгемптон,Манчестер,22.08.2021,Сент-Мэри,Саутгемптон,1,1
Арсенал,Челси,22.08.2021,Эмирейтс - Эшбертон Гроув,Лондон,0,2
Вест,Хэм,23.08.2021,Олимпийский,Лондон,4,1
Манчестер,Сити,28.08.2021,Этихад (Сити оф Манчестер),Манчестер,5,0
Вест,Хэм,28.08.2021,Олимпийский,Лондон,2,2
Ньюкасл,Юнайтед,28.08.2021,Сент-Джеймс Парк,Ньюкасл-апон-Тайн,2,2
Брайтон,Хоув,28.08.2021,Фалмер - Зе Амекс,Брайтон энд Хоув,0,2
Норвич,Сити,28.08.2021,Кэрроу Роуд,Норидж,1,2
Астон,Вилла,28.08.2021,Вилла Парк,Бирмингем,1,1
Ливерпуль,Челси,28.08.2021,Энфилд,Ливерпуль,1,1
Тоттенхэм,Хотспур,29.08.2021,Тоттенхэм Хотспур,Лондон,1,0
Лидс,Юнайтед,29.08.2021,Тёрф Мур,Бернли,1,1
Вулверхэмптон,Манчестер,29.08.2021,Молине,Вулверхэмптон,0,1
Кристал,Пэлас,11.09.2021,Селхерст Парк,Лондон,3,0
Уотфорд,Вулверхэмптон,11.09.2021,Викарэйдж Роуд,Уотфорд,0,2
Манчестер,Юнайтед,11.09.2021,Олд Траффорд,Манчестер,4,1
Лестер,Сити,11.09.2021,Кинг Пауэр,Лестер,0,1
Брентфорд,Брайтон,11.09.2021,Брентфорд Коммьюнити,Брентфорд,0,1
Арсенал,Норвич,11.09.2021,Эмирейтс - Эшбертон Гроув,Лондон,1,0
Саутгемптон,Вест,11.09.2021,Сент-Мэри,Саутгемптон,0,0
Челси,Астон,11.09.2021,Стэмфорд Бридж,Лондон,3,0
Лидс,Юнайтед,12.09.2021,Элланд Роуд,Лидс,0,3
Эвертон,Англия,13.09.2021,Гудисон Парк,Ливерпуль,3,1
Ньюкасл,Юнайтед,17.09.2021,Сент-Джеймс Парк,Ньюкасл-апон-Тайн,1,1
Вулверхэмптон,Брентфорд,18.09.2021,Молине,Вулверхэмптон,0,2
Норвич,Сити,18.09.2021,Кэрроу Роуд,Норидж,1,3
Ливерпуль,Кристал,18.09.2021,Энфилд,Ливерпуль,3,0
Арсенал,Англия,18.09.2021,Тёрф Мур,Бернли,0,1
Манчестер,Сити,18.09.2021,Этихад (Сити оф Манчестер),Манчестер,0,0
Астон,Вилла,18.09.2021,Вилла Парк,Бирмингем,3,0
Вест,Хэм,19.09.2021,Олимпийский,Лондон,1,2
Брайтон,Хоув,19.09.2021,Фалмер - Зе Амекс,Брайтон энд Хоув,2,1
Тоттенхэм,Хотспур,19.09.2021,Тоттенхэм Хотспур,Лондон,0,3
Манчестер,Юнайтед,25.09.2021,Олд Траффорд,Манчестер,0,1
Челси,Манчестер,25.09.2021,Стэмфорд Бридж,Лондон,0,1
Уотфорд,Ньюкасл,25.09.2021,Викарэйдж Роуд,Уотфорд,1,1
Эвертон,Норвич,25.09.2021,Гудисон Парк,Ливерпуль,2,0
Лидс,Юнайтед,25.09.2021,Элланд Роуд,Лидс,1,2
Лестер,Сити,25.09.2021,Кинг Пауэр,Лестер,2,2
Брентфорд,Ливерпуль,25.09.2021,Брентфорд Коммьюнити,Брентфорд,3,3
Саутгемптон,Вулверхэмптон,26.09.2021,Сент-Мэри,Саутгемптон,0,1
Арсенал,Тоттенхэм,26.09.2021,Эмирейтс - Эшбертон Гроув,Лондон,3,1
Кристал,Пэлас,27.09.2021,Селхерст Парк,Лондон,1,1
Манчестер,Юнайтед,02.10.2021,Олд Траффорд,Манчестер,1,1
Вулверхэмптон,Ньюкасл,02.10.2021,Молине,Вулверхэмптон,2,1
Лидс,Юнайтед,02.10.2021,Элланд Роуд,Лидс,1,0
Норвич,Сити,02.10.2021,Тёрф Мур,Бернли,0,0
Челси,Саутгемптон,02.10.2021,Стэмфорд Бридж,Лондон,3,1
Брайтон,Хоув,02.10.2021,Фалмер - Зе Амекс,Брайтон энд Хоув,0,0
Кристал,Пэлас,03.10.2021,Селхерст Парк,Лондон,2,2
Вест,Хэм,03.10.2021,Олимпийский,Лондон,1,2
Тоттенхэм,Хотспур,03.10.2021,Тоттенхэм Хотспур,Лондон,2,1
Ливерпуль,Манчестер,03.10.2021,Энфилд,Ливерпуль,2,2
Уотфорд,Ливерпуль,16.10.2021,Викарэйдж Роуд,Уотфорд,0,5
Норвич,Сити,16.10.2021,Кэрроу Роуд,Норидж,0,0
Манчестер,Сити,16.10.2021,Этихад (Сити оф Манчестер),Манчестер,2,0
Саутгемптон,Лидс,16.10.2021,Сент-Мэри,Саутгемптон,1,0
Астон,Вилла,16.10.2021,Вилла Парк,Бирмингем,2,3
Лестер,Сити,16.10.2021,Кинг Пауэр,Лестер,4,2
Брентфорд,Челси,16.10.2021,Брентфорд Коммьюнити,Брентфорд,0,1
Эвертон,Вест,17.10.2021,Гудисон Парк,Ливерпуль,0,1
Ньюкасл,Юнайтед,17.10.2021,Сент-Джеймс Парк,Ньюкасл-апон-Тайн,2,3
Арсенал,Кристал,18.10.2021,Эмирейтс - Эшбертон Гроув,Лондон,2,2
Арсенал,Астон,22.10.2021,Эмирейтс - Эшбертон Гроув,Лондон,3,1
Челси,Норвич,23.10.2021,Стэмфорд Бридж,Лондон,7,0
Лидс,Юнайтед,23.10.2021,Элланд Роуд,Лидс,1,1
Кристал,Пэлас,23.10.2021,Селхерст Парк,Лондон,1,1
Эвертон,Уотфорд,23.10.2021,Гудисон Парк,Ливерпуль,2,5
Саутгемптон,Англия,23.10.2021,Сент-Мэри,Саутгемптон,2,2
Брайтон,Хоув,23.10.2021,Фалмер - Зе Амекс,Брайтон энд Хоув,1,4
Брентфорд,Лестер,24.10.2021,Брентфорд Коммьюнити,Брентфорд,1,2
Вест,Хэм,24.10.2021,Олимпийский,Лондон,1,0
Манчестер,Юнайтед,24.10.2021,Олд Траффорд,Манчестер,0,5
Лестер,Сити,30.10.2021,Кинг Пауэр,Лестер,0,2
Манчестер,Сити,30.10.2021,Этихад (Сити оф Манчестер),Манчестер,0,2
Ливерпуль,Брайтон,30.10.2021,Энфилд,Ливерпуль,2,2
Уотфорд,Саутгемптон,30.10.2021,Викарэйдж Роуд,Уотфорд,0,1
Ньюкасл,Юнайтед,30.10.2021,Сент-Джеймс Парк,Ньюкасл-апон-Тайн,0,3
Брентфорд,Англия,30.10.2021,Тёрф Мур,Бернли,3,1
Тоттенхэм,Хотспур,30.10.2021,Тоттенхэм Хотспур,Лондон,0,3
Норвич,Сити,31.10.2021,Кэрроу Роуд,Норидж,1,2
Астон,Вилла,31.10.2021,Вилла Парк,Бирмингем,1,4
Вулверхэмптон,Эвертон,01.11.2021,Молине,Вулверхэмптон,2,1
Саутгемптон,Астон,05.11.2021,Сент-Мэри,Саутгемптон,1,0
Манчестер,Юнайтед,06.11.2021,Олд Траффорд,Манчестер,0,2
Челси,Англия,06.11.2021,Стэмфорд Бридж,Лондон,1,1
Кристал,Пэлас,06.11.2021,Селхерст Парк,Лондон,2,0
Брентфорд,Норвич,06.11.2021,Брентфорд Коммьюнити,Брентфорд,1,2
Брайтон,Хоув,06.11.2021,Фалмер - Зе Амекс,Брайтон энд Хоув,1,1
Лидс,Юнайтед,07.11.2021,Элланд Роуд,Лидс,1,1
Эвертон,Тоттенхэм,07.11.2021,Гудисон Парк,Ливерпуль,0,0
Арсенал,Уотфорд,07.11.2021,Эмирейтс - Эшбертон Гроув,Лондон,1,0
Вест,Хэм,07.11.2021,Олимпийский,Лондон,3,2
Лестер,Сити,20.11.2021,Кинг Пауэр,Лестер,0,3
Уотфорд,Манчестер,20.11.2021,Викарэйдж Роуд,Уотфорд,4,1
Вулверхэмптон,Вест,20.11.2021,Молине,Вулверхэмптон,1,0
Ньюкасл,Юнайтед,20.11.2021,Сент-Джеймс Парк,Ньюкасл-апон-Тайн,3,3
Кристал,Пэлас,20.11.2021,Тёрф Мур,Бернли,3,3
Норвич,Сити,20.11.2021,Кэрроу Роуд,Норидж,2,1
Астон,Вилла,20.11.2021,Вилла Парк,Бирмингем,2,0
Ливерпуль,Арсенал,20.11.2021,Энфилд,Ливерпуль,4,0
Манчестер,Сити,21.11.2021,Этихад (Сити оф Манчестер),Манчестер,3,0
Тоттенхэм,Хотспур,21.11.2021,Тоттенхэм Хотспур,Лондон,2,1
Арсенал,Ньюкасл,27.11.2021,Эмирейтс - Эшбертон Гроув,Лондон,2,0
Норвич,Сити,27.11.2021,Кэрроу Роуд,Норидж,0,0
Ливерпуль,Саутгемптон,27.11.2021,Энфилд,Ливерпуль,4,0
Кристал,Пэлас,27.11.2021,Селхерст Парк,Лондон,1,2
Брайтон,Хоув,27.11.2021,Фалмер - Зе Амекс,Брайтон энд Хоув,0,0
Лестер,Сити,28.11.2021,Кинг Пауэр,Лестер,4,2
Манчестер,Сити,28.11.2021,Этихад (Сити оф Манчестер),Манчестер,2,1
Брентфорд,Эвертон,28.11.2021,Брентфорд Коммьюнити,Брентфорд,1,0
Челси,Манчестер,28.11.2021,Стэмфорд Бридж,Лондон,1,1
Ньюкасл,Юнайтед,30.11.2021,Сент-Джеймс Парк,Ньюкасл-апон-Тайн,1,1
Лидс,Юнайтед,30.11.2021,Элланд Роуд,Лидс,1,0
Вулверхэмптон,Англия,01.12.2021,Молине,Вулверхэмптон,0,0
Уотфорд,Челси,01.12.2021,Викарэйдж Роуд,Уотфорд,1,2
Саутгемптон,Лестер,01.12.2021,Сент-Мэри,Саутгемптон,2,2
Вест,Хэм,01.12.2021,Олимпийский,Лондон,1,1
Эвертон,Ливерпуль,01.12.2021,Гудисон Парк,Ливерпуль,1,4
Астон,Вилла,01.12.2021,Вилла Парк,Бирмингем,1,2
Тоттенхэм,Хотспур,02.12.2021,Тоттенхэм Хотспур,Лондон,2,0
Манчестер,Юнайтед,02.12.2021,Олд Траффорд,Манчестер,3,2
Вест,Хэм,04.12.2021,Олимпийский,Лондон,3,2
Вулверхэмптон,Ливерпуль,04.12.2021,Молине,Вулверхэмптон,0,1
Ньюкасл,Юнайтед,04.12.2021,Сент-Джеймс Парк,Ньюкасл-апон-Тайн,1,0
Саутгемптон,Брайтон,04.12.2021,Сент-Мэри,Саутгемптон,1,1
Уотфорд,Манчестер,04.12.2021,Викарэйдж Роуд,Уотфорд,1,3
Лидс,Юнайтед,05.12.2021,Элланд Роуд,Лидс,2,2
Тоттенхэм,Хотспур,05.12.2021,Тоттенхэм Хотспур,Лондон,3,0
Манчестер,Юнайтед,05.12.2021,Олд Траффорд,Манчестер,1,0
Астон,Вилла,05.12.2021,Вилла Парк,Бирмингем,2,1
Эвертон,Арсенал,06.12.2021,Гудисон Парк,Ливерпуль,2,1
Брентфорд,Уотфорд,10.12.2021,Брентфорд Коммьюнити,Брентфорд,2,1
Манчестер,Сити,11.12.2021,Этихад (Сити оф Манчестер),Манчестер,1,0
Челси,Лидс,11.12.2021,Стэмфорд Бридж,Лондон,3,2
Арсенал,Саутгемптон,11.12.2021,Эмирейтс - Эшбертон Гроув,Лондон,3,0
Ливерпуль,Астон,11.12.2021,Энфилд,Ливерпуль,1,0
Норвич,Сити,11.12.2021,Кэрроу Роуд,Норидж,0,1
Лестер,Сити,12.12.2021,Кинг Пауэр,Лестер,4,0
Вест,Хэм,12.12.2021,Тёрф Мур,Бернли,0,0
Кристал,Пэлас,12.12.2021,Селхерст Парк,Лондон,3,1
Норвич,Сити,14.12.2021,Кэрроу Роуд,Норидж,0,2
Манчестер,Сити,14.12.2021,Этихад (Сити оф Манчестер),Манчестер,7,0
Кристал,Пэлас,15.12.2021,Селхерст Парк,Лондон,2,2
Брайтон,Хоув,15.12.2021,Фалмер - Зе Амекс,Брайтон энд Хоув,0,1
Арсенал,Вест,15.12.2021,Эмирейтс - Эшбертон Гроув,Лондон,2,0
Челси,Эвертон,16.12.2021,Стэмфорд Бридж,Лондон,1,1
Ливерпуль,Ньюкасл,16.12.2021,Энфилд,Ливерпуль,3,1
Лидс,Юнайтед,18.12.2021,Элланд Роуд,Лидс,1,4
Вулверхэмптон,Челси,19.12.2021,Молине,Вулверхэмптон,0,0
Ньюкасл,Юнайтед,19.12.2021,Сент-Джеймс Парк,Ньюкасл-апон-Тайн,0,4
Тоттенхэм,Хотспур,19.12.2021,Тоттенхэм Хотспур,Лондон,2,2
Манчестер,Сити,26.12.2021,Этихад (Сити оф Манчестер),Манчестер,6,3
Вест,Хэм,26.12.2021,Олимпийский,Лондон,2,3
Норвич,Сити,26.12.2021,Кэрроу Роуд,Норидж,0,5
Тоттенхэм,Хотспур,26.12.2021,Тоттенхэм Хотспур,Лондон,3,0
Астон,Вилла,26.12.2021,Вилла Парк,Бирмингем,1,3
Брайтон,Хоув,26.12.2021,Фалмер - Зе Амекс,Брайтон энд Хоув,2,0
Ньюкасл,Юнайтед,27.12.2021,Сент-Джеймс Парк,Ньюкасл-апон-Тайн,1,1
Саутгемптон,Тоттенхэм,28.12.2021,Сент-Мэри,Саутгемптон,1,1
Уотфорд,Вест,28.12.2021,Викарэйдж Роуд,Уотфорд,1,4
Кристал,Пэлас,28.12.2021,Селхерст Парк,Лондон,3,0
Лестер,Сити,28.12.2021,Кинг Пауэр,Лестер,1,0
Челси,Брайтон,29.12.2021,Стэмфорд Бридж,Лондон,1,1
Брентфорд,Манчестер,29.12.2021,Брентфорд Коммьюнити,Брентфорд,0,1
Манчестер,Юнайтед,30.12.2021,Олд Траффорд,Манчестер,3,1
Арсенал,Манчестер,01.01.2022,Эмирейтс - Эшбертон Гроув,Лондон,1,2
Уотфорд,Тоттенхэм,01.01.2022,Викарэйдж Роуд,Уотфорд,0,1
Кристал,Пэлас,01.01.2022,Селхерст Парк,Лондон,2,3
Брентфорд,Астон,02.01.2022,Брентфорд Коммьюнити,Брентфорд,2,1
Лидс,Юнайтед,02.01.2022,Элланд Роуд,Лидс,3,1
Эвертон,Брайтон,02.01.2022,Гудисон Парк,Ливерпуль,2,3
Челси,Ливерпуль,02.01.2022,Стэмфорд Бридж,Лондон,2,2
Манчестер,Юнайтед,03.01.2022,Олд Траффорд,Манчестер,0,1
Саутгемптон,Брентфорд,11.01.2022,Сент-Мэри,Саутгемптон,4,1
Вест,Хэм,12.01.2022,Олимпийский,Лондон,2,0
Брайтон,Хоув,14.01.2022,Фалмер - Зе Амекс,Брайтон энд Хоув,1,1
Манчестер,Сити,15.01.2022,Этихад (Сити оф Манчестер),Манчестер,1,0
Вулверхэмптон,Саутгемптон,15.01.2022,Молине,Вулверхэмптон,3,1
Ньюкасл,Юнайтед,15.01.2022,Сент-Джеймс Парк,Ньюкасл-апон-Тайн,1,1
Норвич,Сити,15.01.2022,Кэрроу Роуд,Норидж,2,1
Астон,Вилла,15.01.2022,Вилла Парк,Бирмингем,2,2
Вест,Хэм,16.01.2022,Олимпийский,Лондон,2,3
Ливерпуль,Брентфорд,16.01.2022,Энфилд,Ливерпуль,3,0
Брайтон,Хоув,18.01.2022,Фалмер - Зе Амекс,Брайтон энд Хоув,1,1
Лестер,Сити,19.01.2022,Кинг Пауэр,Лестер,2,3
Брентфорд,Манчестер,19.01.2022,Брентфорд Коммьюнити,Брентфорд,1,3
Уотфорд,Норвич,21.01.2022,Викарэйдж Роуд,Уотфорд,0,3
Эвертон,Астон,22.01.2022,Гудисон Парк,Ливерпуль,0,1
Манчестер,Юнайтед,22.01.2022,Олд Траффорд,Манчестер,1,0
Лидс,Юнайтед,22.01.2022,Элланд Роуд,Лидс,0,1
Брентфорд,Вулверхэмптон,22.01.2022,Брентфорд Коммьюнити,Брентфорд,1,2
Саутгемптон,Манчестер,22.01.2022,Сент-Мэри,Саутгемптон,1,1
Лестер,Сити,23.01.2022,Кинг Пауэр,Лестер,1,1
Арсенал,Англия,23.01.2022,Эмирейтс - Эшбертон Гроув,Лондон,0,0
Кристал,Пэлас,23.01.2022,Селхерст Парк,Лондон,1,3
Челси,Тоттенхэм,23.01.2022,Стэмфорд Бридж,Лондон,2,0
Уотфорд,Англия,05.02.2022,Тёрф Мур,Бернли,0,0
Ньюкасл,Юнайтед,08.02.2022,Сент-Джеймс Парк,Ньюкасл-апон-Тайн,3,1
Вест,Хэм,08.02.2022,Олимпийский,Лондон,1,0
Манчестер,Юнайтед,08.02.2022,Тёрф Мур,Бернли,1,1
Манчестер,Сити,09.02.2022,Этихад (Сити оф Манчестер),Манчестер,2,0
Тоттенхэм,Хотспур,09.02.2022,Тоттенхэм Хотспур,Лондон,2,3
Норвич,Сити,09.02.2022,Кэрроу Роуд,Норидж,1,1
Астон,Вилла,09.02.2022,Вилла Парк,Бирмингем,3,3
Ливерпуль,Лестер,10.02.2022,Энфилд,Ливерпуль,2,0
Вулверхэмптон,Арсенал,10.02.2022,Молине,Вулверхэмптон,0,1
Манчестер,Юнайтед,12.02.2022,Олд Траффорд,Манчестер,1,1
Уотфорд,Брайтон,12.02.2022,Викарэйдж Роуд,Уотфорд,0,2
Эвертон,Лидс,12.02.2022,Гудисон Парк,Ливерпуль,3,0
Брентфорд,Кристал,12.02.2022,Брентфорд Коммьюнити,Брентфорд,0,0
Норвич,Сити,12.02.2022,Кэрроу Роуд,Норидж,0,4
Тоттенхэм,Хотспур,13.02.2022,Тоттенхэм Хотспур,Лондон,0,2
Ливерпуль,Англия,13.02.2022,Тёрф Мур,Бернли,0,1
Ньюкасл,Юнайтед,13.02.2022,Сент-Джеймс Парк,Ньюкасл-апон-Тайн,1,0
Лестер,Сити,13.02.2022,Кинг Пауэр,Лестер,2,2
Манчестер,Юнайтед,15.02.2022,Олд Траффорд,Манчестер,2,0
Вест,Хэм,19.02.2022,Олимпийский,Лондон,1,1
Арсенал,Брентфорд,19.02.2022,Эмирейтс - Эшбертон Гроув,Лондон,2,1
Астон,Вилла,19.02.2022,Вилла Парк,Бирмингем,0,1
Брайтон,Хоув,19.02.2022,Фалмер - Зе Амекс,Брайтон энд Хоув,0,3
Ливерпуль,Норвич,19.02.2022,Энфилд,Ливерпуль,3,1
Кристал,Пэлас,19.02.2022,Селхерст Парк,Лондон,0,1
Саутгемптон,Эвертон,19.02.2022,Сент-Мэри,Саутгемптон,2,0
Манчестер,Сити,19.02.2022,Этихад (Сити оф Манчестер),Манчестер,2,3
Лидс,Юнайтед,20.02.2022,Элланд Роуд,Лидс,2,4
Вулверхэмптон,Лестер,20.02.2022,Молине,Вулверхэмптон,2,1
Тоттенхэм,Хотспур,23.02.2022,Тёрф Мур,Бернли,1,0
Уотфорд,Кристал,23.02.2022,Викарэйдж Роуд,Уотфорд,1,4
Ливерпуль,Лидс,23.02.2022,Энфилд,Ливерпуль,6,0
Арсенал,Вулверхэмптон,24.02.2022,Эмирейтс - Эшбертон Гроув,Лондон,2,1
Саутгемптон,Норвич,25.02.2022,Сент-Мэри,Саутгемптон,2,0
Лидс,Юнайтед,26.02.2022,Элланд Роуд,Лидс,0,4
Манчестер,Юнайтед,26.02.2022,Олд Траффорд,Манчестер,0,0
Брентфорд,Ньюкасл,26.02.2022,Брентфорд Коммьюнити,Брентфорд,0,2
Кристал,Пэлас,26.02.2022,Селхерст Парк,Лондон,1,1
Брайтон,Хоув,26.02.2022,Фалмер - Зе Амекс,Брайтон энд Хоув,0,2
Эвертон,Манчестер,26.02.2022,Гудисон Парк,Ливерпуль,0,1
Вест,Хэм,27.02.2022,Олимпийский,Лондон,1,0
Лестер,Сити,01.03.2022,Тёрф Мур,Бернли,0,2
Лестер,Сити,05.03.2022,Кинг Пауэр,Лестер,1,0
Вулверхэмптон,Кристал,05.03.2022,Молине,Вулверхэмптон,0,2
Норвич,Сити,05.03.2022,Кэрроу Роуд,Норидж,1,3
Челси,Англия,05.03.2022,Тёрф Мур,Бернли,0,4
Астон,Вилла,05.03.2022,Вилла Парк,Бирмингем,4,0
Ньюкасл,Юнайтед,05.03.2022,Сент-Джеймс Парк,Ньюкасл-апон-Тайн,2,1
Ливерпуль,Вест,05.03.2022,Энфилд,Ливерпуль,1,0
Уотфорд,Арсенал,06.03.2022,Викарэйдж Роуд,Уотфорд,2,3
Манчестер,Сити,06.03.2022,Этихад (Сити оф Манчестер),Манчестер,4,1
Тоттенхэм,Хотспур,07.03.2022,Тоттенхэм Хотспур,Лондон,5,0
Саутгемптон,Ньюкасл,10.03.2022,Сент-Мэри,Саутгемптон,1,2
Вулверхэмптон,Уотфорд,10.03.2022,Молине,Вулверхэмптон,4,0
Норвич,Сити,10.03.2022,Кэрроу Роуд,Норидж,1,3
Лидс,Юнайтед,10.03.2022,Элланд Роуд,Лидс,0,3
Брайтон,Хоув,12.03.2022,Фалмер - Зе Амекс,Брайтон энд Хоув,0,2
Брентфорд,Англия,12.03.2022,Брентфорд Коммьюнити,Брентфорд,2,0
Манчестер,Юнайтед,12.03.2022,Олд Траффорд,Манчестер,3,2
Вест,Хэм,13.03.2022,Олимпийский,Лондон,2,1
Саутгемптон,Уотфорд,13.03.2022,Сент-Мэри,Саутгемптон,1,2
Эвертон,Вулверхэмптон,13.03.2022,Гудисон Парк,Ливерпуль,0,1
Челси,Ньюкасл,13.03.2022,Стэмфорд Бридж,Лондон,1,0
Лидс,Юнайтед,13.03.2022,Элланд Роуд,Лидс,2,1
Арсенал,Лестер,13.03.2022,Эмирейтс - Эшбертон Гроув,Лондон,2,0
Кристал,Пэлас,14.03.2022,Селхерст Парк,Лондон,0,0
Брайтон,Хоув,16.03.2022,Фалмер - Зе Амекс,Брайтон энд Хоув,0,2
Арсенал,Ливерпуль,16.03.2022,Эмирейтс - Эшбертон Гроув,Лондон,0,2
Эвертон,Ньюкасл,17.03.2022,Гудисон Парк,Ливерпуль,1,0
Вулверхэмптон,Лидс,18.03.2022,Молине,Вулверхэмптон,2,3
Астон,Вилла,19.03.2022,Вилла Парк,Бирмингем,0,1
Лестер,Сити,20.03.2022,Кинг Пауэр,Лестер,2,1
Тоттенхэм,Хотспур,20.03.2022,Тоттенхэм Хотспур,Лондон,3,1
Ливерпуль,Уотфорд,02.04.2022,Энфилд,Ливерпуль,2,0
Вулверхэмптон,Астон,02.04.2022,Молине,Вулверхэмптон,2,1
Манчестер,Сити,02.04.2022,Тёрф Мур,Бернли,0,2
Брайтон,Хоув,02.04.2022,Фалмер - Зе Амекс,Брайтон энд Хоув,0,0
Челси,Брентфорд,02.04.2022,Стэмфорд Бридж,Лондон,1,4
Лидс,Юнайтед,02.04.2022,Элланд Роуд,Лидс,1,1
Манчестер,Юнайтед,02.04.2022,Олд Траффорд,Манчестер,1,1
Вест,Хэм,03.04.2022,Олимпийский,Лондон,2,1
Тоттенхэм,Хотспур,03.04.2022,Тоттенхэм Хотспур,Лондон,5,1
Кристал,Пэлас,04.04.2022,Селхерст Парк,Лондон,3,0
Эвертон,Англия,06.04.2022,Тёрф Мур,Бернли,3,2
Ньюкасл,Юнайтед,08.04.2022,Сент-Джеймс Парк,Ньюкасл-апон-Тайн,1,0
Эвертон,Манчестер,09.04.2022,Гудисон Парк,Ливерпуль,1,0
Саутгемптон,Челси,09.04.2022,Сент-Мэри,Саутгемптон,0,6
Уотфорд,Лидс,09.04.2022,Викарэйдж Роуд,Уотфорд,0,3
Арсенал,Брайтон,09.04.2022,Эмирейтс - Эшбертон Гроув,Лондон,1,2
Астон,Вилла,09.04.2022,Вилла Парк,Бирмингем,0,4
Брентфорд,Вест,10.04.2022,Брентфорд Коммьюнити,Брентфорд,2,0
Лестер,Сити,10.04.2022,Кинг Пауэр,Лестер,2,1
Норвич,Сити,10.04.2022,Кэрроу Роуд,Норидж,2,0
Манчестер,Сити,10.04.2022,Этихад (Сити оф Манчестер),Манчестер,2,2
Тоттенхэм,Хотспур,16.04.2022,Тоттенхэм Хотспур,Лондон,0,1
Саутгемптон,Арсенал,16.04.2022,Сент-Мэри,Саутгемптон,1,0
Уотфорд,Брентфорд,16.04.2022,Викарэйдж Роуд,Уотфорд,1,2
Манчестер,Юнайтед,16.04.2022,Олд Траффорд,Манчестер,3,2
Ньюкасл,Юнайтед,17.04.2022,Сент-Джеймс Парк,Ньюкасл-апон-Тайн,2,1
Вест,Хэм,17.04.2022,Олимпийский,Лондон,1,1
Ливерпуль,Манчестер,19.04.2022,Энфилд,Ливерпуль,4,0
Челси,Арсенал,20.04.2022,Стэмфорд Бридж,Лондон,2,4
Эвертон,Лестер,20.04.2022,Гудисон Парк,Ливерпуль,1,1
Ньюкасл,Юнайтед,20.04.2022,Сент-Джеймс Парк,Ньюкасл-апон-Тайн,1,0
Манчестер,Сити,20.04.2022,Этихад (Сити оф Манчестер),Манчестер,3,0
Саутгемптон,Англия,21.04.2022,Тёрф Мур,Бернли,2,0
Арсенал,Манчестер,23.04.2022,Эмирейтс - Эшбертон Гроув,Лондон,3,1
Лестер,Сити,23.04.2022,Кинг Пауэр,Лестер,0,0
Манчестер,Сити,23.04.2022,Этихад (Сити оф Манчестер),Манчестер,5,1
Норвич,Сити,23.04.2022,Кэрроу Роуд,Норидж,0,3
Брентфорд,Тоттенхэм,23.04.2022,Брентфорд Коммьюнити,Брентфорд,0,0
Брайтон,Хоув,24.04.2022,Фалмер - Зе Амекс,Брайтон энд Хоув,2,2
Вулверхэмптон,Англия,24.04.2022,Тёрф Мур,Бернли,1,0
Челси,Вест,24.04.2022,Стэмфорд Бридж,Лондон,1,0
Ливерпуль,Эвертон,24.04.2022,Энфилд,Ливерпуль,2,0
Кристал,Пэлас,25.04.2022,Селхерст Парк,Лондон,0,0
Манчестер,Юнайтед,28.04.2022,Олд Траффорд,Манчестер,1,1
Ньюкасл,Юнайтед,30.04.2022,Сент-Джеймс Парк,Ньюкасл-апон-Тайн,0,1
Уотфорд,Англия,30.04.2022,Викарэйдж Роуд,Уотфорд,1,2
Вулверхэмптон,Брайтон,30.04.2022,Молине,Вулверхэмптон,0,3
Саутгемптон,Кристал,30.04.2022,Сент-Мэри,Саутгемптон,1,2
Астон,Вилла,30.04.2022,Вилла Парк,Бирмингем,2,0
Лидс,Юнайтед,30.04.2022,Элланд Роуд,Лидс,0,4
Эвертон,Челси,01.05.2022,Гудисон Парк,Ливерпуль,1,0
Тоттенхэм,Хотспур,01.05.2022,Тоттенхэм Хотспур,Лондон,3,1
Вест,Хэм,01.05.2022,Олимпийский,Лондон,1,2
Манчестер,Юнайтед,02.05.2022,Олд Траффорд,Манчестер,3,0
Кристал,Пэлас,07.05.2022,Селхерст Парк,Лондон,1,0
Астон,Вилла,07.05.2022,Тёрф Мур,Бернли,1,3
Брентфорд,Саутгемптон,07.05.2022,Брентфорд Коммьюнити,Брентфорд,3,0
Челси,Вулверхэмптон,07.05.2022,Стэмфорд Бридж,Лондон,2,2
Брайтон,Хоув,07.05.2022,Фалмер - Зе Амекс,Брайтон энд Хоув,4,0
Ливерпуль,Тоттенхэм,07.05.2022,Энфилд,Ливерпуль,1,1
Лестер,Сити,08.05.2022,Кинг Пауэр,Лестер,1,2
Норвич,Сити,08.05.2022,Кэрроу Роуд,Норидж,0,4
Арсенал,Лидс,08.05.2022,Эмирейтс - Эшбертон Гроув,Лондон,2,1
Манчестер,Сити,08.05.2022,Этихад (Сити оф Манчестер),Манчестер,5,0
Астон,Вилла,10.05.2022,Вилла Парк,Бирмингем,1,2
Лидс,Юнайтед,11.05.2022,Элланд Роуд,Лидс,0,3
Лестер,Сити,11.05.2022,Кинг Пауэр,Лестер,3,0
Уотфорд,Эвертон,11.05.2022,Викарэйдж Роуд,Уотфорд,0,0
Вулверхэмптон,Манчестер,11.05.2022,Молине,Вулверхэмптон,1,5
Тоттенхэм,Хотспур,12.05.2022,Тоттенхэм Хотспур,Лондон,3,0
Тоттенхэм,Хотспур,15.05.2022,Тоттенхэм Хотспур,Лондон,1,0
Вулверхэмптон,Норвич,15.05.2022,Молине,Вулверхэмптон,1,1
Вест,Хэм,15.05.2022,Олимпийский,Лондон,2,2
Уотфорд,Лестер,15.05.2022,Викарэйдж Роуд,Уотфорд,1,5
Лидс,Юнайтед,15.05.2022,Элланд Роуд,Лидс,1,1
Астон,Вилла,15.05.2022,Вилла Парк,Бирмингем,1,1
Эвертон,Брентфорд,15.05.2022,Гудисон Парк,Ливерпуль,2,3
Ньюкасл,Юнайтед,16.05.2022,Сент-Джеймс Парк,Ньюкасл-апон-Тайн,2,0
Саутгемптон,Ливерпуль,17.05.2022,Сент-Мэри,Саутгемптон,1,2
Эвертон,Кристал,19.05.2022,Гудисон Парк,Ливерпуль,3,2
Астон,Вилла,19.05.2022,Вилла Парк,Бирмингем,1,1
Челси,Лестер,19.05.2022,Стэмфорд Бридж,Лондон,1,1
Норвич,Сити,22.05.2022,Кэрроу Роуд,Норидж,0,5
Ливерпуль,Вулверхэмптон,22.05.2022,Энфилд,Ливерпуль,3,1
Челси,Уотфорд,22.05.2022,Стэмфорд Бридж,Лондон,2,1
Лестер,Сити,22.05.2022,Кинг Пауэр,Лестер,4,1
Кристал,Пэлас,22.05.2022,Селхерст Парк,Лондон,1,0
Манчестер,Сити,22.05.2022,Этихад (Сити оф Манчестер),Манчестер,3,2
Ньюкасл,Юнайтед,22.05.2022,Тёрф Мур,Бернли,1,2
Брентфорд,Лидс,22.05.2022,Брентфорд Коммьюнити,Брентфорд,1,2
Арсенал,Эвертон,22.05.2022,Эмирейтс - Эшбертон Гроув,Лондон,5,1
Брайтон,Хоув,22.05.2022,Фалмер - Зе Амекс,Брайтон энд Хоув,3,1
